mean_fit_time,std_fit_time,mean_score_time,std_score_time,param_C,param_gamma,params,split0_test_score,split1_test_score,split2_test_score,split3_test_score,split4_test_score,split5_test_score,split6_test_score,split7_test_score,split8_test_score,split9_test_score,split10_test_score,split11_test_score,split12_test_score,split13_test_score,split14_test_score,mean_test_score,std_test_score,rank_test_score,split0_train_score,split1_train_score,split2_train_score,split3_train_score,split4_train_score,split5_train_score,split6_train_score,split7_train_score,split8_train_score,split9_train_score,split10_train_score,split11_train_score,split12_train_score,split13_train_score,split14_train_score,mean_train_score,std_train_score
0.023473040262858073,0.005167955322901402,0.009544070561726887,0.0057259998650778625,0.001,0.001,"{'C': 0.001, 'gamma': 0.001}",0.6129032258064516,0.6129032258064516,0.6129032258064516,0.6129032258064516,0.6129032258064516,0.6333333333333333,0.6333333333333333,0.6333333333333333,0.6333333333333333,0.6333333333333333,0.6333333333333333,0.6333333333333333,0.6333333333333333,0.6333333333333333,0.6333333333333333,0.6265232974910392,0.009630845048418907,16,0.6273584905660378,0.6273584905660378,0.6273584905660378,0.6273584905660378,0.6273584905660378,0.6258823529411764,0.6258823529411764,0.6258823529411764,0.6258823529411764,0.6258823529411764,0.6258823529411764,0.6258823529411764,0.6258823529411764,0.6258823529411764,0.6258823529411764,0.6263743988161301,0.0006958579496693612
0.020011742909749348,0.004723924794360685,0.0047119776407877605,0.0006560446677280478,0.001,0.01,"{'C': 0.001, 'gamma': 0.01}",0.6129032258064516,0.6129032258064516,0.6129032258064516,0.6129032258064516,0.6129032258064516,0.6333333333333333,0.6333333333333333,0.6333333333333333,0.6333333333333333,0.6333333333333333,0.6333333333333333,0.6333333333333333,0.6333333333333333,0.6333333333333333,0.6333333333333333,0.6265232974910392,0.009630845048418907,16,0.6273584905660378,0.6273584905660378,0.6273584905660378,0.6273584905660378,0.6273584905660378,0.6258823529411764,0.6258823529411764,0.6258823529411764,0.6258823529411764,0.6258823529411764,0.6258823529411764,0.6258823529411764,0.6258823529411764,0.6258823529411764,0.6258823529411764,0.6263743988161301,0.0006958579496693612
0.018598079681396484,0.002999100347056353,0.006076224644978841,0.0025548265265323265,0.001,0.1,"{'C': 0.001, 'gamma': 0.1}",0.6129032258064516,0.6129032258064516,0.6129032258064516,0.6129032258064516,0.6129032258064516,0.6333333333333333,0.6333333333333333,0.6333333333333333,0.6333333333333333,0.6333333333333333,0.6333333333333333,0.6333333333333333,0.6333333333333333,0.6333333333333333,0.6333333333333333,0.6265232974910392,0.009630845048418907,16,0.6273584905660378,0.6273584905660378,0.6273584905660378,0.6273584905660378,0.6273584905660378,0.6258823529411764,0.6258823529411764,0.6258823529411764,0.6258823529411764,0.6258823529411764,0.6258823529411764,0.6258823529411764,0.6258823529411764,0.6258823529411764,0.6258823529411764,0.6263743988161301,0.0006958579496693612
0.01912557284037272,0.003971237318634696,0.0066602071126302086,0.00361833410918593,0.001,1.0,"{'C': 0.001, 'gamma': 1.0}",0.6129032258064516,0.6129032258064516,0.6129032258064516,0.6129032258064516,0.6129032258064516,0.6333333333333333,0.6333333333333333,0.6333333333333333,0.6333333333333333,0.6333333333333333,0.6333333333333333,0.6333333333333333,0.6333333333333333,0.6333333333333333,0.6333333333333333,0.6265232974910392,0.009630845048418907,16,0.6273584905660378,0.6273584905660378,0.6273584905660378,0.6273584905660378,0.6273584905660378,0.6258823529411764,0.6258823529411764,0.6258823529411764,0.6258823529411764,0.6258823529411764,0.6258823529411764,0.6258823529411764,0.6258823529411764,0.6258823529411764,0.6258823529411764,0.6263743988161301,0.0006958579496693612
0.01891635258992513,0.00261949221806027,0.005480051040649414,0.001717637514005012,0.001,10,"{'C': 0.001, 'gamma': 10}",0.6129032258064516,0.6129032258064516,0.6129032258064516,0.6129032258064516,0.6129032258064516,0.6333333333333333,0.6333333333333333,0.6333333333333333,0.6333333333333333,0.6333333333333333,0.6333333333333333,0.6333333333333333,0.6333333333333333,0.6333333333333333,0.6333333333333333,0.6265232974910392,0.009630845048418907,16,0.6273584905660378,0.6273584905660378,0.6273584905660378,0.6273584905660378,0.6273584905660378,0.6258823529411764,0.6258823529411764,0.6258823529411764,0.6258823529411764,0.6258823529411764,0.6258823529411764,0.6258823529411764,0.6258823529411764,0.6258823529411764,0.6258823529411764,0.6263743988161301,0.0006958579496693612
0.01822056770324707,0.0012221572728326573,0.005864429473876953,0.0006986424889681649,0.001,100,"{'C': 0.001, 'gamma': 100}",0.6129032258064516,0.6129032258064516,0.6129032258064516,0.6129032258064516,0.6129032258064516,0.6333333333333333,0.6333333333333333,0.6333333333333333,0.6333333333333333,0.6333333333333333,0.6333333333333333,0.6333333333333333,0.6333333333333333,0.6333333333333333,0.6333333333333333,0.6265232974910392,0.009630845048418907,16,0.6273584905660378,0.6273584905660378,0.6273584905660378,0.6273584905660378,0.6273584905660378,0.6258823529411764,0.6258823529411764,0.6258823529411764,0.6258823529411764,0.6258823529411764,0.6258823529411764,0.6258823529411764,0.6258823529411764,0.6258823529411764,0.6258823529411764,0.6263743988161301,0.0006958579496693612
0.016187445322672526,0.0012921878339805406,0.004692665735880534,0.0006799789155832196,0.01,0.001,"{'C': 0.01, 'gamma': 0.001}",0.6129032258064516,0.6129032258064516,0.6129032258064516,0.6129032258064516,0.6129032258064516,0.6333333333333333,0.6333333333333333,0.6333333333333333,0.6333333333333333,0.6333333333333333,0.6333333333333333,0.6333333333333333,0.6333333333333333,0.6333333333333333,0.6333333333333333,0.6265232974910392,0.009630845048418907,16,0.6273584905660378,0.6273584905660378,0.6273584905660378,0.6273584905660378,0.6273584905660378,0.6258823529411764,0.6258823529411764,0.6258823529411764,0.6258823529411764,0.6258823529411764,0.6258823529411764,0.6258823529411764,0.6258823529411764,0.6258823529411764,0.6258823529411764,0.6263743988161301,0.0006958579496693612
0.016356356938680015,0.0012636104585485633,0.004758691787719727,0.0015291528863889843,0.01,0.01,"{'C': 0.01, 'gamma': 0.01}",0.6129032258064516,0.6129032258064516,0.6129032258064516,0.6129032258064516,0.6129032258064516,0.6333333333333333,0.6333333333333333,0.6333333333333333,0.6333333333333333,0.6333333333333333,0.6333333333333333,0.6333333333333333,0.6333333333333333,0.6333333333333333,0.6333333333333333,0.6265232974910392,0.009630845048418907,16,0.6273584905660378,0.6273584905660378,0.6273584905660378,0.6273584905660378,0.6273584905660378,0.6258823529411764,0.6258823529411764,0.6258823529411764,0.6258823529411764,0.6258823529411764,0.6258823529411764,0.6258823529411764,0.6258823529411764,0.6258823529411764,0.6258823529411764,0.6263743988161301,0.0006958579496693612
0.015744670232137045,0.0013686067289143242,0.004553826649983724,0.0003037643933959185,0.01,0.1,"{'C': 0.01, 'gamma': 0.1}",0.6129032258064516,0.6129032258064516,0.6129032258064516,0.6129032258064516,0.6129032258064516,0.6333333333333333,0.6333333333333333,0.6333333333333333,0.6333333333333333,0.6333333333333333,0.6333333333333333,0.6333333333333333,0.6333333333333333,0.6333333333333333,0.6333333333333333,0.6265232974910392,0.009630845048418907,16,0.6273584905660378,0.6273584905660378,0.6273584905660378,0.6273584905660378,0.6273584905660378,0.6258823529411764,0.6258823529411764,0.6258823529411764,0.6258823529411764,0.6258823529411764,0.6258823529411764,0.6258823529411764,0.6258823529411764,0.6258823529411764,0.6258823529411764,0.6263743988161301,0.0006958579496693612
0.020566352208455405,0.0007252707799400308,0.005390294392903646,0.0005408973102296734,0.01,1.0,"{'C': 0.01, 'gamma': 1.0}",0.6129032258064516,0.6129032258064516,0.6129032258064516,0.6129032258064516,0.6129032258064516,0.6333333333333333,0.6333333333333333,0.6333333333333333,0.6333333333333333,0.6333333333333333,0.6333333333333333,0.6333333333333333,0.6333333333333333,0.6333333333333333,0.6333333333333333,0.6265232974910392,0.009630845048418907,16,0.6273584905660378,0.6273584905660378,0.6273584905660378,0.6273584905660378,0.6273584905660378,0.6258823529411764,0.6258823529411764,0.6258823529411764,0.6258823529411764,0.6258823529411764,0.6258823529411764,0.6258823529411764,0.6258823529411764,0.6258823529411764,0.6258823529411764,0.6263743988161301,0.0006958579496693612
0.021613279978434246,0.0008740109973120898,0.005164750417073568,0.00014438137467127316,0.01,10,"{'C': 0.01, 'gamma': 10}",0.6129032258064516,0.6129032258064516,0.6129032258064516,0.6129032258064516,0.6129032258064516,0.6333333333333333,0.6333333333333333,0.6333333333333333,0.6333333333333333,0.6333333333333333,0.6333333333333333,0.6333333333333333,0.6333333333333333,0.6333333333333333,0.6333333333333333,0.6265232974910392,0.009630845048418907,16,0.6273584905660378,0.6273584905660378,0.6273584905660378,0.6273584905660378,0.6273584905660378,0.6258823529411764,0.6258823529411764,0.6258823529411764,0.6258823529411764,0.6258823529411764,0.6258823529411764,0.6258823529411764,0.6258823529411764,0.6258823529411764,0.6258823529411764,0.6263743988161301,0.0006958579496693612
0.017771196365356446,0.0006684850749790921,0.005201880137125651,0.00039439318740059796,0.01,100,"{'C': 0.01, 'gamma': 100}",0.6129032258064516,0.6129032258064516,0.6129032258064516,0.6129032258064516,0.6129032258064516,0.6333333333333333,0.6333333333333333,0.6333333333333333,0.6333333333333333,0.6333333333333333,0.6333333333333333,0.6333333333333333,0.6333333333333333,0.6333333333333333,0.6333333333333333,0.6265232974910392,0.009630845048418907,16,0.6273584905660378,0.6273584905660378,0.6273584905660378,0.6273584905660378,0.6273584905660378,0.6258823529411764,0.6258823529411764,0.6258823529411764,0.6258823529411764,0.6258823529411764,0.6258823529411764,0.6258823529411764,0.6258823529411764,0.6258823529411764,0.6258823529411764,0.6263743988161301,0.0006958579496693612
0.015537579854329428,0.001047090223973302,0.004449176788330078,0.00014966664854723904,0.1,0.001,"{'C': 0.1, 'gamma': 0.001}",0.6774193548387096,0.6129032258064516,0.6129032258064516,0.6451612903225806,0.6774193548387096,0.7,0.6666666666666666,0.6666666666666666,0.7333333333333333,0.7,0.6666666666666666,0.6666666666666666,0.6666666666666666,0.7,0.6666666666666666,0.6706093189964157,0.030571606795292337,12,0.6674528301886793,0.6768867924528302,0.6721698113207547,0.6721698113207547,0.6721698113207547,0.668235294117647,0.6729411764705883,0.6729411764705883,0.6635294117647059,0.6658823529411765,0.6729411764705883,0.6729411764705883,0.6705882352941176,0.6658823529411765,0.6729411764705883,0.6706448390677026,0.00350518012824377
0.011432695388793945,0.0002585447275500892,0.003779808680216471,0.00010842140626184433,0.1,0.01,"{'C': 0.1, 'gamma': 0.01}",0.9032258064516129,0.8709677419354839,0.9354838709677419,0.9032258064516129,0.9032258064516129,0.9666666666666667,0.9,0.9333333333333333,1.0,0.9666666666666667,0.9666666666666667,0.9666666666666667,0.9333333333333333,0.9333333333333333,0.9666666666666667,0.9366308243727599,0.03421645874050063,10,0.9457547169811321,0.9433962264150944,0.9433962264150944,0.9457547169811321,0.9433962264150944,0.9388235294117647,0.9411764705882353,0.9411764705882353,0.9364705882352942,0.9388235294117647,0.9411764705882353,0.9411764705882353,0.9435294117647058,0.9411764705882353,0.9364705882352942,0.9414465408805034,0.0027869722208700787
0.013603003819783528,0.0005315264815706202,0.0041461308797200525,0.00026049938601779556,0.1,0.1,"{'C': 0.1, 'gamma': 0.1}",0.9032258064516129,0.9354838709677419,0.967741935483871,0.9354838709677419,0.9354838709677419,0.9666666666666667,0.9333333333333333,0.9666666666666667,1.0,0.9666666666666667,1.0,0.9333333333333333,0.9,0.9333333333333333,0.9,0.9451612903225807,0.031037853726904402,9,0.9716981132075472,0.9716981132075472,0.9740566037735849,0.9764150943396226,0.9716981132075472,0.9694117647058823,0.9670588235294117,0.9694117647058823,0.9694117647058823,0.9694117647058823,0.971764705882353,0.9764705882352941,0.9741176470588235,0.971764705882353,0.9694117647058823,0.9715867554568998,0.002632183728524047
0.02196157773335775,0.0015792626876832048,0.005272261301676432,0.0004283171546889704,0.1,1.0,"{'C': 0.1, 'gamma': 1.0}",0.6129032258064516,0.6129032258064516,0.6129032258064516,0.6129032258064516,0.6129032258064516,0.6333333333333333,0.6333333333333333,0.6333333333333333,0.6333333333333333,0.6333333333333333,0.6333333333333333,0.6333333333333333,0.6333333333333333,0.6333333333333333,0.6333333333333333,0.6265232974910392,0.009630845048418907,16,0.6273584905660378,0.6273584905660378,0.6273584905660378,0.6273584905660378,0.6273584905660378,0.6258823529411764,0.6258823529411764,0.6258823529411764,0.6258823529411764,0.6258823529411764,0.6258823529411764,0.6258823529411764,0.6258823529411764,0.6258823529411764,0.6258823529411764,0.6263743988161301,0.0006958579496693612
0.023625596364339193,0.0018828742064932093,0.0058476924896240234,0.0014341547929986632,0.1,10,"{'C': 0.1, 'gamma': 10}",0.6129032258064516,0.6129032258064516,0.6129032258064516,0.6129032258064516,0.6129032258064516,0.6333333333333333,0.6333333333333333,0.6333333333333333,0.6333333333333333,0.6333333333333333,0.6333333333333333,0.6333333333333333,0.6333333333333333,0.6333333333333333,0.6333333333333333,0.6265232974910392,0.009630845048418907,16,0.6273584905660378,0.6273584905660378,0.6273584905660378,0.6273584905660378,0.6273584905660378,0.6258823529411764,0.6258823529411764,0.6258823529411764,0.6258823529411764,0.6258823529411764,0.6258823529411764,0.6258823529411764,0.6258823529411764,0.6258823529411764,0.6258823529411764,0.6263743988161301,0.0006958579496693612
0.019542996088663736,0.001298261117259567,0.005352147420247396,0.0002889436570680717,0.1,100,"{'C': 0.1, 'gamma': 100}",0.6129032258064516,0.6129032258064516,0.6129032258064516,0.6129032258064516,0.6129032258064516,0.6333333333333333,0.6333333333333333,0.6333333333333333,0.6333333333333333,0.6333333333333333,0.6333333333333333,0.6333333333333333,0.6333333333333333,0.6333333333333333,0.6333333333333333,0.6265232974910392,0.009630845048418907,16,0.6273584905660378,0.6273584905660378,0.6273584905660378,0.6273584905660378,0.6273584905660378,0.6258823529411764,0.6258823529411764,0.6258823529411764,0.6258823529411764,0.6258823529411764,0.6258823529411764,0.6258823529411764,0.6258823529411764,0.6258823529411764,0.6258823529411764,0.6263743988161301,0.0006958579496693612
0.011438989639282226,0.0010536858102715531,0.003986930847167969,0.0004867241165785716,1.0,0.001,"{'C': 1.0, 'gamma': 0.001}",0.9032258064516129,0.8709677419354839,0.9354838709677419,0.9032258064516129,0.9032258064516129,0.9666666666666667,0.9,0.9333333333333333,1.0,0.9666666666666667,0.9666666666666667,0.9666666666666667,0.9333333333333333,0.9333333333333333,0.9666666666666667,0.9366308243727599,0.03421645874050063,10,0.9457547169811321,0.9433962264150944,0.9457547169811321,0.9457547169811321,0.9410377358490566,0.9388235294117647,0.9388235294117647,0.9388235294117647,0.9364705882352942,0.9388235294117647,0.9364705882352942,0.9364705882352942,0.9435294117647058,0.9411764705882353,0.9411764705882353,0.9408190899001112,0.0032662865364825417
0.008440383275349935,0.0011015576075340486,0.0033119519551595054,0.00035995626824372485,1.0,0.01,"{'C': 1.0, 'gamma': 0.01}",0.9032258064516129,0.9354838709677419,0.967741935483871,0.967741935483871,1.0,0.9666666666666667,0.9666666666666667,0.9666666666666667,1.0,1.0,1.0,0.9666666666666667,1.0,0.9333333333333333,1.0,0.9716129032258066,0.028763658592952084,3,0.9811320754716981,0.9787735849056604,0.9764150943396226,0.9764150943396226,0.9740566037735849,0.9764705882352941,0.9741176470588235,0.9764705882352941,0.9741176470588235,0.9741176470588235,0.9741176470588235,0.9764705882352941,0.9764705882352941,0.9764705882352941,0.9694117647058823,0.9756685164631891,0.002519117153159633
0.010995848973592123,0.0002537975269702219,0.003612772623697917,0.00015117827296802142,1.0,0.1,"{'C': 1.0, 'gamma': 0.1}",0.9032258064516129,0.967741935483871,0.9354838709677419,0.9354838709677419,1.0,0.9333333333333333,0.9666666666666667,1.0,1.0,1.0,0.9666666666666667,0.9666666666666667,0.9666666666666667,0.9666666666666667,0.9,0.960573476702509,0.03205591779372136,6,0.9882075471698113,0.9905660377358491,0.9905660377358491,0.9929245283018868,0.9882075471698113,0.9905882352941177,0.9882352941176471,0.9882352941176471,0.9882352941176471,0.9905882352941177,0.9905882352941177,0.9882352941176471,0.9882352941176471,0.9882352941176471,0.9882352941176471,0.9893255641879394,0.0014522133175631172
0.02321826616923014,0.001740610402917103,0.005527289708455404,0.00048962968061855,1.0,1.0,"{'C': 1.0, 'gamma': 1.0}",0.6129032258064516,0.6451612903225806,0.6129032258064516,0.6129032258064516,0.6451612903225806,0.6333333333333333,0.6333333333333333,0.6333333333333333,0.6666666666666666,0.6333333333333333,0.6333333333333333,0.6333333333333333,0.6333333333333333,0.6333333333333333,0.7,0.6374910394265232,0.021335770855465758,15,1.0,1.0,1.0,1.0,1.0,1.0,1.0,1.0,1.0,1.0,1.0,1.0,1.0,1.0,1.0,1.0,0.0
0.02427248954772949,0.0012145772886282009,0.005504624048868815,0.0005496589259095455,1.0,10,"{'C': 1.0, 'gamma': 10}",0.6129032258064516,0.6129032258064516,0.6129032258064516,0.6129032258064516,0.6129032258064516,0.6333333333333333,0.6333333333333333,0.6333333333333333,0.6333333333333333,0.6333333333333333,0.6333333333333333,0.6333333333333333,0.6333333333333333,0.6333333333333333,0.6333333333333333,0.6265232974910392,0.009630845048418907,16,1.0,1.0,1.0,1.0,1.0,1.0,1.0,1.0,1.0,1.0,1.0,1.0,1.0,1.0,1.0,1.0,0.0
0.019324461619059246,0.0005205544551318969,0.005468448003133138,0.00046041549767895506,1.0,100,"{'C': 1.0, 'gamma': 100}",0.6129032258064516,0.6129032258064516,0.6129032258064516,0.6129032258064516,0.6129032258064516,0.6333333333333333,0.6333333333333333,0.6333333333333333,0.6333333333333333,0.6333333333333333,0.6333333333333333,0.6333333333333333,0.6333333333333333,0.6333333333333333,0.6333333333333333,0.6265232974910392,0.009630845048418907,16,1.0,1.0,1.0,1.0,1.0,1.0,1.0,1.0,1.0,1.0,1.0,1.0,1.0,1.0,1.0,1.0,0.0
0.0075208822886149084,0.00035164312900301525,0.0032425403594970705,0.0004805616926216864,10,0.001,"{'C': 10, 'gamma': 0.001}",0.9032258064516129,0.9354838709677419,0.967741935483871,0.967741935483871,1.0,0.9666666666666667,0.9666666666666667,0.9666666666666667,1.0,1.0,1.0,0.9666666666666667,1.0,0.9333333333333333,1.0,0.9716129032258066,0.028763658592952084,3,0.9787735849056604,0.9740566037735849,0.9787735849056604,0.9811320754716981,0.9787735849056604,0.9741176470588235,0.9811764705882353,0.9764705882352941,0.9811764705882353,0.9811764705882353,0.9764705882352941,0.9764705882352941,0.9811764705882353,0.9788235294117648,0.9764705882352941,0.9783359230484645,0.002462113387424847
0.006944688161214193,0.00042502348869779427,0.0029354413350423177,0.0003142643982784564,10,0.01,"{'C': 10, 'gamma': 0.01}",0.9354838709677419,0.967741935483871,0.9354838709677419,0.967741935483871,1.0,0.9666666666666667,1.0,1.0,1.0,1.0,1.0,1.0,1.0,0.9666666666666667,1.0,0.982652329749104,0.023257865391421596,1,0.9882075471698113,0.9882075471698113,0.9952830188679245,0.9929245283018868,0.9882075471698113,0.9905882352941177,0.9858823529411764,0.9905882352941177,0.9882352941176471,0.9905882352941177,0.9882352941176471,0.9882352941176471,0.9882352941176471,0.9882352941176471,0.9882352941176471,0.9893259341472438,0.0022504006262145057
0.01167888641357422,0.0011227121192478073,0.0035736719767252606,0.00021556588225856322,10,0.1,"{'C': 10, 'gamma': 0.1}",0.9354838709677419,0.967741935483871,0.967741935483871,0.9354838709677419,0.967741935483871,0.9666666666666667,0.9333333333333333,1.0,0.9666666666666667,0.9666666666666667,0.9666666666666667,0.9666666666666667,0.9,1.0,0.9333333333333333,0.9582795698924732,0.025536823228014725,8,1.0,1.0,1.0,1.0,1.0,1.0,1.0,1.0,1.0,1.0,1.0,1.0,1.0,1.0,1.0,1.0,0.0
0.027856159210205077,0.004200726194474923,0.0063364664713541664,0.0016100284205728293,10,1.0,"{'C': 10, 'gamma': 1.0}",0.6129032258064516,0.7096774193548387,0.7096774193548387,0.6129032258064516,0.6451612903225806,0.6333333333333333,0.6333333333333333,0.6333333333333333,0.6666666666666666,0.6333333333333333,0.6333333333333333,0.6666666666666666,0.6666666666666666,0.6333333333333333,0.7333333333333333,0.6549103942652329,0.03557274991809236,13,1.0,1.0,1.0,1.0,1.0,1.0,1.0,1.0,1.0,1.0,1.0,1.0,1.0,1.0,1.0,1.0,0.0
0.02907727559407552,0.0038282555827980447,0.007429965337117513,0.0031476625490376936,10,10,"{'C': 10, 'gamma': 10}",0.6129032258064516,0.6129032258064516,0.6129032258064516,0.6129032258064516,0.6129032258064516,0.6333333333333333,0.6333333333333333,0.6333333333333333,0.6333333333333333,0.6333333333333333,0.6333333333333333,0.6333333333333333,0.6333333333333333,0.6333333333333333,0.6333333333333333,0.6265232974910392,0.009630845048418907,16,1.0,1.0,1.0,1.0,1.0,1.0,1.0,1.0,1.0,1.0,1.0,1.0,1.0,1.0,1.0,1.0,0.0
0.02313095728556315,0.0010136316338933845,0.005738226572672526,0.0005413789518654139,10,100,"{'C': 10, 'gamma': 100}",0.6129032258064516,0.6129032258064516,0.6129032258064516,0.6129032258064516,0.6129032258064516,0.6333333333333333,0.6333333333333333,0.6333333333333333,0.6333333333333333,0.6333333333333333,0.6333333333333333,0.6333333333333333,0.6333333333333333,0.6333333333333333,0.6333333333333333,0.6265232974910392,0.009630845048418907,16,1.0,1.0,1.0,1.0,1.0,1.0,1.0,1.0,1.0,1.0,1.0,1.0,1.0,1.0,1.0,1.0,0.0
0.007244984308878581,0.0007083536526389671,0.0030361493428548176,0.0002573416833942927,100,0.001,"{'C': 100, 'gamma': 0.001}",0.9354838709677419,0.967741935483871,0.9032258064516129,0.967741935483871,1.0,0.9666666666666667,1.0,1.0,1.0,1.0,1.0,0.9666666666666667,1.0,0.9333333333333333,1.0,0.976057347670251,0.03019563826429154,2,0.9882075471698113,0.9834905660377359,0.9929245283018868,0.9882075471698113,0.9834905660377359,0.9905882352941177,0.9835294117647059,0.9858823529411764,0.9835294117647059,0.9882352941176471,0.9835294117647059,0.9858823529411764,0.9858823529411764,0.9858823529411764,0.9835294117647059,0.9861860895301519,0.002831839570348015
0.0073940118153889975,0.0008393030854153044,0.003182522455851237,0.0006696742080098725,100,0.01,"{'C': 100, 'gamma': 0.01}",0.9354838709677419,0.967741935483871,0.9032258064516129,0.9354838709677419,0.967741935483871,0.9666666666666667,1.0,0.9666666666666667,1.0,0.9666666666666667,0.9666666666666667,0.9666666666666667,0.9666666666666667,1.0,1.0,0.9673118279569893,0.02634386657797566,5,0.9976415094339622,0.9976415094339622,0.9976415094339622,0.9976415094339622,0.9952830188679245,1.0,0.9976470588235294,0.9976470588235294,0.9976470588235294,0.9976470588235294,0.9929411764705882,0.9976470588235294,0.9976470588235294,0.9952941176470588,0.9976470588235294,0.9971742508324085,0.0015373915187130494
0.012374194463094075,0.0014858496173406229,0.0036856969197591144,0.00024068302958842822,100,0.1,"{'C': 100, 'gamma': 0.1}",0.9354838709677419,0.967741935483871,0.967741935483871,0.9354838709677419,0.9354838709677419,0.9666666666666667,0.9333333333333333,1.0,0.9666666666666667,0.9666666666666667,0.9666666666666667,0.9666666666666667,0.9333333333333333,1.0,0.9666666666666667,0.960573476702509,0.02130250788712589,6,1.0,1.0,1.0,1.0,1.0,1.0,1.0,1.0,1.0,1.0,1.0,1.0,1.0,1.0,1.0,1.0,0.0
0.027781327565511067,0.002764075529017581,0.006587616602579753,0.0009961321146482666,100,1.0,"{'C': 100, 'gamma': 1.0}",0.6129032258064516,0.7096774193548387,0.7096774193548387,0.6129032258064516,0.6451612903225806,0.6333333333333333,0.6333333333333333,0.6333333333333333,0.6666666666666666,0.6333333333333333,0.6333333333333333,0.6666666666666666,0.6666666666666666,0.6333333333333333,0.7333333333333333,0.6549103942652329,0.03557274991809236,13,1.0,1.0,1.0,1.0,1.0,1.0,1.0,1.0,1.0,1.0,1.0,1.0,1.0,1.0,1.0,1.0,0.0
0.02867285410563151,0.002127540744128922,0.006455167134602865,0.0009194218338550264,100,10,"{'C': 100, 'gamma': 10}",0.6129032258064516,0.6129032258064516,0.6129032258064516,0.6129032258064516,0.6129032258064516,0.6333333333333333,0.6333333333333333,0.6333333333333333,0.6333333333333333,0.6333333333333333,0.6333333333333333,0.6333333333333333,0.6333333333333333,0.6333333333333333,0.6333333333333333,0.6265232974910392,0.009630845048418907,16,1.0,1.0,1.0,1.0,1.0,1.0,1.0,1.0,1.0,1.0,1.0,1.0,1.0,1.0,1.0,1.0,0.0
0.02119887669881185,0.005061828370622365,0.005196237564086914,0.0011623493906772584,100,100,"{'C': 100, 'gamma': 100}",0.6129032258064516,0.6129032258064516,0.6129032258064516,0.6129032258064516,0.6129032258064516,0.6333333333333333,0.6333333333333333,0.6333333333333333,0.6333333333333333,0.6333333333333333,0.6333333333333333,0.6333333333333333,0.6333333333333333,0.6333333333333333,0.6333333333333333,0.6265232974910392,0.009630845048418907,16,1.0,1.0,1.0,1.0,1.0,1.0,1.0,1.0,1.0,1.0,1.0,1.0,1.0,1.0,1.0,1.0,0.0
